{"mode": "train", "epoch": 1, "iter": 100, "lr": 0.01, "time": 0.02261, "data_time": 0.01496, "memory": 861, "loss": 2.50685}
{"mode": "train", "epoch": 1, "iter": 200, "lr": 0.01, "time": 0.01961, "data_time": 0.01183, "memory": 861, "loss": 2.49494}
{"mode": "train", "epoch": 1, "iter": 300, "lr": 0.01, "time": 0.01935, "data_time": 0.01194, "memory": 861, "loss": 2.50989}
{"mode": "train", "epoch": 1, "iter": 400, "lr": 0.01, "time": 0.01983, "data_time": 0.012, "memory": 861, "loss": 2.50762}
{"mode": "train", "epoch": 1, "iter": 500, "lr": 0.01, "time": 0.0218, "data_time": 0.0139, "memory": 861, "loss": 2.51279}
{"mode": "train", "epoch": 1, "iter": 600, "lr": 0.01, "time": 0.01993, "data_time": 0.0121, "memory": 861, "loss": 2.51069}
{"mode": "train", "epoch": 1, "iter": 700, "lr": 0.01, "time": 0.02144, "data_time": 0.01358, "memory": 861, "loss": 2.51338}
{"mode": "train", "epoch": 1, "iter": 800, "lr": 0.01, "time": 0.02148, "data_time": 0.01402, "memory": 861, "loss": 2.49588}
{"mode": "train", "epoch": 1, "iter": 900, "lr": 0.01, "time": 0.01896, "data_time": 0.01104, "memory": 861, "loss": 2.49218}
{"mode": "train", "epoch": 1, "iter": 1000, "lr": 0.01, "time": 0.01972, "data_time": 0.01221, "memory": 861, "loss": 2.52502}
{"mode": "train", "epoch": 1, "iter": 1100, "lr": 0.01, "time": 0.01958, "data_time": 0.01205, "memory": 861, "loss": 2.50005}
{"mode": "train", "epoch": 1, "iter": 1200, "lr": 0.01, "time": 0.02012, "data_time": 0.01274, "memory": 861, "loss": 2.50049}
{"mode": "train", "epoch": 1, "iter": 1300, "lr": 0.01, "time": 0.01993, "data_time": 0.01207, "memory": 861, "loss": 2.49068}
{"mode": "train", "epoch": 1, "iter": 1400, "lr": 0.01, "time": 0.01918, "data_time": 0.01147, "memory": 861, "loss": 2.50795}
{"mode": "train", "epoch": 1, "iter": 1500, "lr": 0.01, "time": 0.01958, "data_time": 0.01204, "memory": 861, "loss": 2.48991}
{"mode": "train", "epoch": 1, "iter": 1600, "lr": 0.01, "time": 0.02276, "data_time": 0.01504, "memory": 861, "loss": 2.50021}
{"mode": "train", "epoch": 1, "iter": 1700, "lr": 0.01, "time": 0.01916, "data_time": 0.01165, "memory": 861, "loss": 2.49993}
{"mode": "train", "epoch": 1, "iter": 1800, "lr": 0.01, "time": 0.02203, "data_time": 0.01475, "memory": 861, "loss": 2.4964}
{"mode": "train", "epoch": 1, "iter": 1900, "lr": 0.01, "time": 0.02212, "data_time": 0.01441, "memory": 861, "loss": 2.49021}
{"mode": "train", "epoch": 1, "iter": 2000, "lr": 0.01, "time": 0.01939, "data_time": 0.01152, "memory": 861, "loss": 2.50736}
{"mode": "train", "epoch": 1, "iter": 2100, "lr": 0.01, "time": 0.02239, "data_time": 0.0147, "memory": 861, "loss": 2.50268}
{"mode": "train", "epoch": 1, "iter": 2200, "lr": 0.01, "time": 0.02469, "data_time": 0.01691, "memory": 861, "loss": 2.50767}
{"mode": "train", "epoch": 1, "iter": 2300, "lr": 0.01, "time": 0.01934, "data_time": 0.01159, "memory": 861, "loss": 2.50622}
{"mode": "train", "epoch": 1, "iter": 2400, "lr": 0.01, "time": 0.02032, "data_time": 0.01281, "memory": 861, "loss": 2.49577}
{"mode": "train", "epoch": 1, "iter": 2500, "lr": 0.01, "time": 0.02164, "data_time": 0.01387, "memory": 861, "loss": 2.49992}
{"mode": "train", "epoch": 1, "iter": 2600, "lr": 0.01, "time": 0.02099, "data_time": 0.01337, "memory": 861, "loss": 2.48586}
{"mode": "train", "epoch": 1, "iter": 2700, "lr": 0.01, "time": 0.02198, "data_time": 0.01419, "memory": 861, "loss": 2.50614}
{"mode": "train", "epoch": 1, "iter": 2800, "lr": 0.01, "time": 0.02082, "data_time": 0.01349, "memory": 861, "loss": 2.52695}
{"mode": "train", "epoch": 1, "iter": 2900, "lr": 0.01, "time": 0.02472, "data_time": 0.01687, "memory": 861, "loss": 2.50429}
{"mode": "train", "epoch": 1, "iter": 3000, "lr": 0.01, "time": 0.02074, "data_time": 0.01306, "memory": 861, "loss": 2.5146}
{"mode": "train", "epoch": 1, "iter": 3100, "lr": 0.01, "time": 0.02466, "data_time": 0.01688, "memory": 861, "loss": 2.50905}
{"mode": "train", "epoch": 1, "iter": 3200, "lr": 0.01, "time": 0.02102, "data_time": 0.0133, "memory": 861, "loss": 2.51791}
{"mode": "train", "epoch": 1, "iter": 3300, "lr": 0.01, "time": 0.02029, "data_time": 0.01283, "memory": 861, "loss": 2.50801}
{"mode": "train", "epoch": 1, "iter": 3400, "lr": 0.01, "time": 0.02072, "data_time": 0.01323, "memory": 861, "loss": 2.5091}
{"mode": "train", "epoch": 1, "iter": 3500, "lr": 0.01, "time": 0.02063, "data_time": 0.01296, "memory": 861, "loss": 2.50313}
{"mode": "train", "epoch": 1, "iter": 3600, "lr": 0.01, "time": 0.01952, "data_time": 0.01175, "memory": 861, "loss": 2.49303}
{"mode": "train", "epoch": 1, "iter": 3700, "lr": 0.01, "time": 0.02074, "data_time": 0.01314, "memory": 861, "loss": 2.50192}
{"mode": "train", "epoch": 1, "iter": 3800, "lr": 0.01, "time": 0.01953, "data_time": 0.01238, "memory": 861, "loss": 2.51523}
{"mode": "train", "epoch": 1, "iter": 3900, "lr": 0.01, "time": 0.0204, "data_time": 0.01278, "memory": 861, "loss": 2.51973}
