{"mode": "train", "epoch": 1, "iter": 100, "lr": 0.01, "time": 0.02272, "data_time": 0.01542, "memory": 861, "loss": 2.56849}
{"mode": "train", "epoch": 1, "iter": 200, "lr": 0.01, "time": 0.02122, "data_time": 0.01362, "memory": 861, "loss": 2.55893}
{"mode": "train", "epoch": 1, "iter": 300, "lr": 0.01, "time": 0.02191, "data_time": 0.01426, "memory": 861, "loss": 2.52886}
{"mode": "train", "epoch": 1, "iter": 400, "lr": 0.01, "time": 0.01995, "data_time": 0.01254, "memory": 861, "loss": 2.5369}
{"mode": "train", "epoch": 1, "iter": 500, "lr": 0.01, "time": 0.01964, "data_time": 0.01201, "memory": 861, "loss": 2.5533}
{"mode": "train", "epoch": 1, "iter": 600, "lr": 0.01, "time": 0.02065, "data_time": 0.01298, "memory": 861, "loss": 2.60361}
{"mode": "train", "epoch": 1, "iter": 700, "lr": 0.01, "time": 0.02315, "data_time": 0.01552, "memory": 861, "loss": 2.54784}
{"mode": "train", "epoch": 1, "iter": 800, "lr": 0.01, "time": 0.02225, "data_time": 0.01437, "memory": 861, "loss": 2.57466}
{"mode": "train", "epoch": 1, "iter": 900, "lr": 0.01, "time": 0.02022, "data_time": 0.0129, "memory": 861, "loss": 2.57609}
{"mode": "train", "epoch": 1, "iter": 1000, "lr": 0.01, "time": 0.02057, "data_time": 0.01284, "memory": 861, "loss": 2.5707}
{"mode": "train", "epoch": 1, "iter": 1100, "lr": 0.01, "time": 0.02263, "data_time": 0.01484, "memory": 861, "loss": 2.57778}
{"mode": "train", "epoch": 1, "iter": 1200, "lr": 0.01, "time": 0.01983, "data_time": 0.012, "memory": 861, "loss": 2.54749}
{"mode": "train", "epoch": 1, "iter": 1300, "lr": 0.01, "time": 0.02169, "data_time": 0.01381, "memory": 861, "loss": 2.57251}
{"mode": "train", "epoch": 1, "iter": 1400, "lr": 0.01, "time": 0.02105, "data_time": 0.01331, "memory": 861, "loss": 2.5779}
{"mode": "train", "epoch": 1, "iter": 1500, "lr": 0.01, "time": 0.01935, "data_time": 0.01142, "memory": 861, "loss": 2.56018}
{"mode": "train", "epoch": 1, "iter": 1600, "lr": 0.01, "time": 0.02161, "data_time": 0.01365, "memory": 861, "loss": 2.57253}
{"mode": "train", "epoch": 1, "iter": 1700, "lr": 0.01, "time": 0.01946, "data_time": 0.01189, "memory": 861, "loss": 2.58538}
{"mode": "train", "epoch": 1, "iter": 1800, "lr": 0.01, "time": 0.01928, "data_time": 0.01166, "memory": 861, "loss": 2.59206}
{"mode": "train", "epoch": 1, "iter": 1900, "lr": 0.01, "time": 0.02116, "data_time": 0.01364, "memory": 861, "loss": 2.57238}
{"mode": "train", "epoch": 1, "iter": 2000, "lr": 0.01, "time": 0.02218, "data_time": 0.01429, "memory": 861, "loss": 2.58095}
{"mode": "train", "epoch": 1, "iter": 2100, "lr": 0.01, "time": 0.0192, "data_time": 0.0115, "memory": 861, "loss": 2.5564}
{"mode": "train", "epoch": 1, "iter": 2200, "lr": 0.01, "time": 0.01973, "data_time": 0.01191, "memory": 861, "loss": 2.55489}
{"mode": "train", "epoch": 1, "iter": 2300, "lr": 0.01, "time": 0.02236, "data_time": 0.0147, "memory": 861, "loss": 2.56254}
{"mode": "train", "epoch": 1, "iter": 2400, "lr": 0.01, "time": 0.01971, "data_time": 0.01204, "memory": 861, "loss": 2.57661}
{"mode": "train", "epoch": 1, "iter": 2500, "lr": 0.01, "time": 0.02149, "data_time": 0.01396, "memory": 861, "loss": 2.55263}
{"mode": "train", "epoch": 1, "iter": 2600, "lr": 0.01, "time": 0.02134, "data_time": 0.01349, "memory": 861, "loss": 2.55899}
{"mode": "train", "epoch": 1, "iter": 2700, "lr": 0.01, "time": 0.02066, "data_time": 0.01291, "memory": 861, "loss": 2.57184}
{"mode": "train", "epoch": 1, "iter": 2800, "lr": 0.01, "time": 0.02066, "data_time": 0.01287, "memory": 861, "loss": 2.57707}
{"mode": "train", "epoch": 1, "iter": 2900, "lr": 0.01, "time": 0.02256, "data_time": 0.01479, "memory": 861, "loss": 2.59686}
{"mode": "train", "epoch": 1, "iter": 3000, "lr": 0.01, "time": 0.02157, "data_time": 0.01387, "memory": 861, "loss": 2.55871}
{"mode": "train", "epoch": 2, "iter": 152, "lr": 0.01, "time": 0.0226, "data_time": 0.01074, "memory": 861, "loss": 2.56037, "top1": 0.01316, "top5": 0.38377}
{"mode": "train", "epoch": 2, "iter": 100, "lr": 0.001, "time": 0.02155, "data_time": 0.01441, "memory": 861, "loss": 2.54974}
{"mode": "train", "epoch": 2, "iter": 200, "lr": 0.001, "time": 0.02188, "data_time": 0.01444, "memory": 861, "loss": 2.56037}
{"mode": "train", "epoch": 2, "iter": 300, "lr": 0.001, "time": 0.02083, "data_time": 0.0136, "memory": 861, "loss": 2.57047}
{"mode": "train", "epoch": 2, "iter": 400, "lr": 0.001, "time": 0.01914, "data_time": 0.01168, "memory": 861, "loss": 2.60224}
{"mode": "train", "epoch": 2, "iter": 500, "lr": 0.001, "time": 0.02033, "data_time": 0.01255, "memory": 861, "loss": 2.57037}
{"mode": "train", "epoch": 2, "iter": 600, "lr": 0.001, "time": 0.0213, "data_time": 0.01346, "memory": 861, "loss": 2.54959}
{"mode": "train", "epoch": 2, "iter": 700, "lr": 0.001, "time": 0.0221, "data_time": 0.01434, "memory": 861, "loss": 2.56706}
{"mode": "train", "epoch": 2, "iter": 800, "lr": 0.001, "time": 0.02211, "data_time": 0.01463, "memory": 861, "loss": 2.5429}
{"mode": "train", "epoch": 2, "iter": 900, "lr": 0.001, "time": 0.02107, "data_time": 0.01339, "memory": 861, "loss": 2.57419}
{"mode": "train", "epoch": 2, "iter": 1000, "lr": 0.001, "time": 0.02026, "data_time": 0.01263, "memory": 861, "loss": 2.57316}
{"mode": "train", "epoch": 2, "iter": 1100, "lr": 0.001, "time": 0.02065, "data_time": 0.01327, "memory": 861, "loss": 2.56727}
{"mode": "train", "epoch": 2, "iter": 1200, "lr": 0.001, "time": 0.01856, "data_time": 0.01137, "memory": 861, "loss": 2.55515}
{"mode": "train", "epoch": 2, "iter": 1300, "lr": 0.001, "time": 0.02099, "data_time": 0.01351, "memory": 861, "loss": 2.54422}
{"mode": "train", "epoch": 2, "iter": 1400, "lr": 0.001, "time": 0.01897, "data_time": 0.01138, "memory": 861, "loss": 2.57254}
{"mode": "train", "epoch": 2, "iter": 1500, "lr": 0.001, "time": 0.02376, "data_time": 0.01619, "memory": 861, "loss": 2.55212}
{"mode": "train", "epoch": 2, "iter": 1600, "lr": 0.001, "time": 0.02041, "data_time": 0.01276, "memory": 861, "loss": 2.59599}
{"mode": "train", "epoch": 2, "iter": 1700, "lr": 0.001, "time": 0.02063, "data_time": 0.01292, "memory": 861, "loss": 2.58706}
{"mode": "train", "epoch": 2, "iter": 1800, "lr": 0.001, "time": 0.021, "data_time": 0.01326, "memory": 861, "loss": 2.58617}
{"mode": "train", "epoch": 2, "iter": 1900, "lr": 0.001, "time": 0.02115, "data_time": 0.01341, "memory": 861, "loss": 2.58262}
{"mode": "train", "epoch": 2, "iter": 2000, "lr": 0.001, "time": 0.02127, "data_time": 0.01345, "memory": 861, "loss": 2.57827}
{"mode": "train", "epoch": 2, "iter": 2100, "lr": 0.001, "time": 0.02128, "data_time": 0.01353, "memory": 861, "loss": 2.54954}
{"mode": "train", "epoch": 2, "iter": 2200, "lr": 0.001, "time": 0.02152, "data_time": 0.01399, "memory": 861, "loss": 2.57215}
{"mode": "train", "epoch": 2, "iter": 2300, "lr": 0.001, "time": 0.02163, "data_time": 0.01399, "memory": 861, "loss": 2.58094}
{"mode": "train", "epoch": 2, "iter": 2400, "lr": 0.001, "time": 0.02259, "data_time": 0.0148, "memory": 861, "loss": 2.56273}
{"mode": "train", "epoch": 2, "iter": 2500, "lr": 0.001, "time": 0.02069, "data_time": 0.01291, "memory": 861, "loss": 2.56375}
{"mode": "train", "epoch": 2, "iter": 2600, "lr": 0.001, "time": 0.02051, "data_time": 0.01283, "memory": 861, "loss": 2.56744}
{"mode": "train", "epoch": 2, "iter": 2700, "lr": 0.001, "time": 0.01821, "data_time": 0.01056, "memory": 861, "loss": 2.58215}
{"mode": "train", "epoch": 2, "iter": 2800, "lr": 0.001, "time": 0.01885, "data_time": 0.01129, "memory": 861, "loss": 2.54756}
{"mode": "train", "epoch": 2, "iter": 2900, "lr": 0.001, "time": 0.02116, "data_time": 0.01347, "memory": 861, "loss": 2.57811}
{"mode": "train", "epoch": 2, "iter": 3000, "lr": 0.001, "time": 0.02348, "data_time": 0.01564, "memory": 861, "loss": 2.52947}
{"mode": "train", "epoch": 3, "iter": 152, "lr": 0.001, "time": 0.02547, "data_time": 0.01365, "memory": 861, "loss": 2.57232, "top1": 0.01316, "top5": 0.29825}
{"mode": "train", "epoch": 3, "iter": 100, "lr": 0.0001,