{"mode": "train", "epoch": 1, "iter": 100, "lr": 0.01, "time": 0.0226, "data_time": 0.01496, "memory": 1146, "loss": 2.6111}
{"mode": "train", "epoch": 1, "iter": 200, "lr": 0.01, "time": 0.02214, "data_time": 0.01474, "memory": 1146, "loss": 2.62767}
{"mode": "train", "epoch": 1, "iter": 300, "lr": 0.01, "time": 0.01955, "data_time": 0.01218, "memory": 1146, "loss": 2.59424}
{"mode": "train", "epoch": 1, "iter": 400, "lr": 0.01, "time": 0.02064, "data_time": 0.01304, "memory": 1146, "loss": 2.6175}
{"mode": "train", "epoch": 1, "iter": 500, "lr": 0.01, "time": 0.02074, "data_time": 0.01301, "memory": 1146, "loss": 2.58157}
{"mode": "train", "epoch": 1, "iter": 600, "lr": 0.01, "time": 0.01996, "data_time": 0.01214, "memory": 1146, "loss": 2.61016}
{"mode": "train", "epoch": 1, "iter": 700, "lr": 0.01, "time": 0.02128, "data_time": 0.0137, "memory": 1146, "loss": 2.60623}
{"mode": "train", "epoch": 1, "iter": 800, "lr": 0.01, "time": 0.02148, "data_time": 0.01365, "memory": 1146, "loss": 2.63276}
{"mode": "train", "epoch": 1, "iter": 900, "lr": 0.01, "time": 0.0198, "data_time": 0.01202, "memory": 1146, "loss": 2.62042}
{"mode": "train", "epoch": 1, "iter": 1000, "lr": 0.01, "time": 0.02168, "data_time": 0.01383, "memory": 1146, "loss": 2.62681}
{"mode": "train", "epoch": 1, "iter": 1100, "lr": 0.01, "time": 0.02053, "data_time": 0.01278, "memory": 1146, "loss": 2.62332}
{"mode": "train", "epoch": 1, "iter": 1200, "lr": 0.01, "time": 0.01944, "data_time": 0.01171, "memory": 1146, "loss": 2.63655}
{"mode": "train", "epoch": 1, "iter": 1300, "lr": 0.01, "time": 0.02281, "data_time": 0.01495, "memory": 1146, "loss": 2.6395}
{"mode": "train", "epoch": 1, "iter": 1400, "lr": 0.01, "time": 0.02194, "data_time": 0.01435, "memory": 1146, "loss": 2.59107}
{"mode": "train", "epoch": 1, "iter": 1500, "lr": 0.01, "time": 0.02004, "data_time": 0.01209, "memory": 1146, "loss": 2.59435}
{"mode": "train", "epoch": 1, "iter": 1600, "lr": 0.01, "time": 0.01892, "data_time": 0.01118, "memory": 1146, "loss": 2.62717}
{"mode": "train", "epoch": 1, "iter": 1700, "lr": 0.01, "time": 0.02166, "data_time": 0.01375, "memory": 1146, "loss": 2.60199}
{"mode": "train", "epoch": 1, "iter": 1800, "lr": 0.01, "time": 0.0192, "data_time": 0.01134, "memory": 1146, "loss": 2.6258}
{"mode": "train", "epoch": 1, "iter": 1900, "lr": 0.01, "time": 0.02221, "data_time": 0.0143, "memory": 1146, "loss": 2.62454}
{"mode": "train", "epoch": 1, "iter": 2000, "lr": 0.01, "time": 0.02185, "data_time": 0.01391, "memory": 1146, "loss": 2.61765}
{"mode": "train", "epoch": 1, "iter": 2100, "lr": 0.01, "time": 0.02159, "data_time": 0.01365, "memory": 1146, "loss": 2.62626}
{"mode": "train", "epoch": 1, "iter": 2200, "lr": 0.01, "time": 0.02218, "data_time": 0.01439, "memory": 1146, "loss": 2.64772}
{"mode": "train", "epoch": 1, "iter": 2300, "lr": 0.01, "time": 0.02203, "data_time": 0.01447, "memory": 1146, "loss": 2.6}
{"mode": "train", "epoch": 1, "iter": 2400, "lr": 0.01, "time": 0.02065, "data_time": 0.01303, "memory": 1146, "loss": 2.626}
{"mode": "train", "epoch": 1, "iter": 2500, "lr": 0.01, "time": 0.02091, "data_time": 0.01319, "memory": 1146, "loss": 2.61187}
{"mode": "train", "epoch": 1, "iter": 2600, "lr": 0.01, "time": 0.02094, "data_time": 0.01316, "memory": 1146, "loss": 2.61504}
{"mode": "train", "epoch": 1, "iter": 2700, "lr": 0.01, "time": 0.02011, "data_time": 0.01215, "memory": 1146, "loss": 2.61251}
{"mode": "train", "epoch": 1, "iter": 2800, "lr": 0.01, "time": 0.02094, "data_time": 0.01331, "memory": 1146, "loss": 2.61831}
{"mode": "train", "epoch": 1, "iter": 2900, "lr": 0.01, "time": 0.01835, "data_time": 0.01093, "memory": 1146, "loss": 2.61302}
{"mode": "train", "epoch": 1, "iter": 3000, "lr": 0.01, "time": 0.02078, "data_time": 0.01331, "memory": 1146, "loss": 2.65748}
{"mode": "train", "epoch": 2, "iter": 152, "lr": 0.01, "time": 0.02545, "data_time": 0.01358, "memory": 1146, "loss": 2.61574, "top1": 0.03947, "top5": 0.36842}
{"mode": "train", "epoch": 2, "iter": 100, "lr": 0.001, "time": 0.02115, "data_time": 0.01392, "memory": 1146, "loss": 2.63535}
{"mode": "train", "epoch": 2, "iter": 200, "lr": 0.001, "time": 0.02099, "data_time": 0.01326, "memory": 1146, "loss": 2.61072}
{"mode": "train", "epoch": 2, "iter": 300, "lr": 0.001, "time": 0.02121, "data_time": 0.01348, "memory": 1146, "loss": 2.63349}
{"mode": "train", "epoch": 2, "iter": 400, "lr": 0.001, "time": 0.01938, "data_time": 0.01162, "memory": 1146, "loss": 2.63954}
{"mode": "train", "epoch": 2, "iter": 500, "lr": 0.001, "time": 0.02083, "data_time": 0.01292, "memory": 1146, "loss": 2.68104}
{"mode": "train", "epoch": 2, "iter": 600, "lr": 0.001, "time": 0.02028, "data_time": 0.01245, "memory": 1146, "loss": 2.62451}
{"mode": "train", "epoch": 2, "iter": 700, "lr": 0.001, "time": 0.02136, "data_time": 0.01356, "memory": 1146, "loss": 2.58734}
{"mode": "train", "epoch": 2, "iter": 800, "lr": 0.001, "time": 0.0229, "data_time": 0.01501, "memory": 1146, "loss": 2.6206}
{"mode": "train", "epoch": 2, "iter": 900, "lr": 0.001, "time": 0.02356, "data_time": 0.01564, "memory": 1146, "loss": 2.59495}
{"mode": "train", "epoch": 2, "iter": 1000, "lr": 0.001, "time": 0.01957, "data_time": 0.0119, "memory": 1146, "loss": 2.59781}
{"mode": "train", "epoch": 2, "iter": 1100, "lr": 0.001, "time": 0.0219, "data_time": 0.01417, "memory": 1146, "loss": 2.61597}
{"mode": "train", "epoch": 2, "iter": 1200, "lr": 0.001, "time": 0.02086, "data_time": 0.01318, "memory": 1146, "loss": 2.6124}
{"mode": "train", "epoch": 2, "iter": 1300, "lr": 0.001, "time": 0.02099, "data_time": 0.01329, "memory": 1146, "loss": 2.6394}
{"mode": "train", "epoch": 2, "iter": 1400, "lr": 0.001, "time": 0.0233, "data_time": 0.0156, "memory": 1146, "loss": 2.58962}
{"mode": "train", "epoch": 2, "iter": 1500, "lr": 0.001, "time": 0.02191, "data_time": 0.01427, "memory": 1146, "loss": 2.58182}
{"mode": "train", "epoch": 2, "iter": 1600, "lr": 0.001, "time": 0.02238, "data_time": 0.0147, "memory": 1146, "loss": 2.61623}
{"mode": "train", "epoch": 2, "iter": 1700, "lr": 0.001, "time": 0.0178, "data_time": 0.01061, "memory": 1146, "loss": 2.63353}
{"mode": "train", "epoch": 2, "iter": 1800, "lr": 0.001, "time": 0.02337, "data_time": 0.01559, "memory": 1146, "loss": 2.61497}
{"mode": "train", "epoch": 2, "iter": 1900, "lr": 0.001, "time": 0.02272, "data_time": 0.01474, "memory": 1146, "loss": 2.61768}
{"mode": "train", "epoch": 2, "iter": 2000, "lr": 0.001, "time": 0.02035, "data_time": 0.01255, "memory": 1146, "loss": 2.60518}
{"mode": "train", "epoch": 2, "iter": 2100, "lr": 0.001, "time": 0.02043, "data_time": 0.0129, "memory": 1146, "loss": 2.60776}
{"mode": "train", "epoch": 2, "iter": 2200, "lr": 0.001, "time": 0.01953, "data_time": 0.01164, "memory": 1146, "loss": 2.60743}
{"mode": "train", "epoch": 2, "iter": 2300, "lr": 0.001, "time": 0.01992, "data_time": 0.01273, "memory": 1146, "loss": 2.62021}
{"mode": "train", "epoch": 2, "iter": 2400, "lr": 0.001, "time": 0.02023, "data_time": 0.01269, "memory": 1146, "loss": 2.62002}
{"mode": "train", "epoch": 2, "iter": 2500, "lr": 0.001, "time": 0.02126, "data_time": 0.01344, "memory": 1146, "loss": 2.63645}
{"mode": "train", "epoch": 2, "iter": 2600, "lr": 0.001, "time": 0.01952, "data_time": 0.01223, "memory": 1146, "loss": 2.62176}
{"mode": "train", "epoch": 2, "iter": 2700, "lr": 0.001, "time": 0.01973, "data_time": 0.01224, "memory": 1146, "loss": 2.65689}
{"mode": "train", "epoch": 2, "iter": 2800, "lr": 0.001, "time": 0.02066, "data_time": 0.01288, "memory": 1146, "loss": 2.60275}
{"mode": "train", "epoch": 2, "iter": 2900, "lr": 0.001, "time": 0.02101, "data_time": 0.01336, "memory": 1146, "loss": 2.59011}
{"mode": "train", "epoch": 2, "iter": 3000, "lr": 0.001, "time": 0.02179, "data_time": 0.01396, "memory": 1146, "loss": 2.59101}
{"mode": "train", "epoch": 3, "iter": 152, "lr": 0.001, "time": 0.02594, "data_time": 0.01402, "memory": 1146, "loss": 2.61089, "top1": 0.05263,