{"mode": "train", "epoch": 1, "iter": 100, "lr": 0.01, "time": 0.02782, "data_time": 0.01334, "memory": 576, "loss": 2.57924}
{"mode": "train", "epoch": 1, "iter": 200, "lr": 0.01, "time": 0.02079, "data_time": 0.01344, "memory": 576, "loss": 2.56919}
{"mode": "train", "epoch": 1, "iter": 300, "lr": 0.01, "time": 0.0205, "data_time": 0.01297, "memory": 576, "loss": 2.58435}
{"mode": "train", "epoch": 1, "iter": 400, "lr": 0.01, "time": 0.02092, "data_time": 0.01361, "memory": 576, "loss": 2.58277}
{"mode": "train", "epoch": 1, "iter": 500, "lr": 0.01, "time": 0.02129, "data_time": 0.01348, "memory": 576, "loss": 2.53428}
{"mode": "train", "epoch": 1, "iter": 600, "lr": 0.01, "time": 0.02115, "data_time": 0.0134, "memory": 576, "loss": 2.57115}
{"mode": "train", "epoch": 1, "iter": 700, "lr": 0.01, "time": 0.02046, "data_time": 0.01279, "memory": 576, "loss": 2.57051}
{"mode": "train", "epoch": 1, "iter": 800, "lr": 0.01, "time": 0.01936, "data_time": 0.01195, "memory": 576, "loss": 2.56311}
{"mode": "train", "epoch": 1, "iter": 900, "lr": 0.01, "time": 0.02118, "data_time": 0.0137, "memory": 576, "loss": 2.59203}
{"mode": "train", "epoch": 1, "iter": 1000, "lr": 0.01, "time": 0.02272, "data_time": 0.01501, "memory": 576, "loss": 2.5808}
{"mode": "train", "epoch": 1, "iter": 1100, "lr": 0.01, "time": 0.01836, "data_time": 0.01066, "memory": 576, "loss": 2.58738}
{"mode": "train", "epoch": 1, "iter": 1200, "lr": 0.01, "time": 0.02118, "data_time": 0.01341, "memory": 576, "loss": 2.56881}
{"mode": "train", "epoch": 1, "iter": 1300, "lr": 0.01, "time": 0.01979, "data_time": 0.01198, "memory": 576, "loss": 2.56337}
{"mode": "train", "epoch": 1, "iter": 1400, "lr": 0.01, "time": 0.02012, "data_time": 0.01245, "memory": 576, "loss": 2.5562}
{"mode": "train", "epoch": 1, "iter": 1500, "lr": 0.01, "time": 0.02312, "data_time": 0.01572, "memory": 576, "loss": 2.55618}
{"mode": "train", "epoch": 1, "iter": 1600, "lr": 0.01, "time": 0.02157, "data_time": 0.01382, "memory": 576, "loss": 2.57692}
{"mode": "train", "epoch": 1, "iter": 1700, "lr": 0.01, "time": 0.0195, "data_time": 0.01188, "memory": 576, "loss": 2.56441}
{"mode": "train", "epoch": 1, "iter": 1800, "lr": 0.01, "time": 0.01969, "data_time": 0.01217, "memory": 576, "loss": 2.60009}
{"mode": "train", "epoch": 1, "iter": 1900, "lr": 0.01, "time": 0.01993, "data_time": 0.01236, "memory": 576, "loss": 2.56243}
{"mode": "train", "epoch": 1, "iter": 2000, "lr": 0.01, "time": 0.02069, "data_time": 0.01299, "memory": 576, "loss": 2.53672}
{"mode": "train", "epoch": 1, "iter": 2100, "lr": 0.01, "time": 0.02098, "data_time": 0.01363, "memory": 576, "loss": 2.58482}
{"mode": "train", "epoch": 1, "iter": 2200, "lr": 0.01, "time": 0.02199, "data_time": 0.01438, "memory": 576, "loss": 2.5664}
{"mode": "train", "epoch": 1, "iter": 2300, "lr": 0.01, "time": 0.02193, "data_time": 0.01431, "memory": 576, "loss": 2.59407}
{"mode": "train", "epoch": 1, "iter": 2400, "lr": 0.01, "time": 0.02085, "data_time": 0.01298, "memory": 576, "loss": 2.55947}
{"mode": "train", "epoch": 1, "iter": 2500, "lr": 0.01, "time": 0.01971, "data_time": 0.01226, "memory": 576, "loss": 2.58126}
{"mode": "train", "epoch": 1, "iter": 2600, "lr": 0.01, "time": 0.02063, "data_time": 0.01327, "memory": 576, "loss": 2.57302}
{"mode": "train", "epoch": 1, "iter": 2700, "lr": 0.01, "time": 0.02156, "data_time": 0.01389, "memory": 576, "loss": 2.56919}
{"mode": "train", "epoch": 1, "iter": 2800, "lr": 0.01, "time": 0.02106, "data_time": 0.01355, "memory": 576, "loss": 2.56518}
{"mode": "train", "epoch": 1, "iter": 2900, "lr": 0.01, "time": 0.02058, "data_time": 0.01266, "memory": 576, "loss": 2.56753}
{"mode": "train", "epoch": 1, "iter": 3000, "lr": 0.01, "time": 0.01931, "data_time": 0.01165, "memory": 576, "loss": 2.5768}
{"mode": "train", "epoch": 2, "iter": 152, "lr": 0.01, "time": 0.02457, "data_time": 0.01284, "memory": 576, "loss": 2.54648, "top1": 0.10088, "top5": 0.42325}
